sn,zhel,zcmb,st,est,Mmax,eMmax,t0,EBVmw,eEBVmw,covMs,Ho,eHo,meth,BV,eBV,covBV_M,host,dist,edist,kmag,ekmag,dsbf,ed,m,ml,mu,sample,subtype,quality,caltype
CSP15aae,0.0161833,0.0169733,0.505,0.005,16.168,0.035,11.4,0.0226,0.0023,1.934e-05,,,,0.455,0.011,0.0,NGC5490,34.267,0.08,9.028,0.023,0.0,0.0,11.14,11.06,11.22,N/A,N/A,0,s
PTF13ebh,0.01326,0.012484,0.632,0.004,15.196,0.024,-9.9,0.0668,0.0067,-3.104e-06,,,,0.117,0.009,0.0,NGC0890,33.296,0.081,0.0,0.0,0.0,0.0,10.86,10.809999999999999,10.91,N/A,N/A,0,s
SN2007on,0.00649,0.0061833,0.589,0.003,13.277,0.013,-8.3,0.0098,0.001,-9.233e-06,31.998,0.004,Ho,0.115,0.012,0.0,NGC1404,31.526,0.072,,,,,10.932,10.897,10.967,N/A,N/A,0,s
SN2008R,0.0134933,0.0128867,0.632,0.006,15.46,0.057,5.7,0.0618,0.0062,-4.265e-05,,,,0.12,0.011,0.0,NGC1200,33.66,0.08,0.0,0.0,0.0,0.0,11.25,11.13,11.37,N/A,N/A,0,s
SN2008hv,0.01254,0.01358,0.867,0.004,15.428,0.015,-8.2,0.0279,0.0028,4.835e-06,,,,-0.047,0.011,0.0,NGC2765,33.725,0.083,0.0,0.0,0.0,0.0,10.55,10.370000000000001,10.73,N/A,N/A,0,s
SN2008ia,0.0219833,0.02254,0.834,0.006,16.443,0.02,2.6,0.1954,0.0195,1.569e-05,,,,-0.035,0.016,0.0,ESO125-G006,34.896,0.195,0.0,0.0,0.0,0.0,10.77,10.27,11.27,N/A,N/A,0,s
SN2011iv,0.00649,0.0061827,0.701,0.007,12.756,0.032,-0.1,0.0098,0.001,-4.758e-05,32.066,0.351,Ho,0.03,0.011,0.0,NGC1404,31.526,0.072,,,,,10.932,10.897,10.967,N/A,N/A,0,s
