sn,zhel,zcmb,st,est,Mmax,eMmax,t0,EBVmw,eEBVmw,covMs,meth,BV,eBV,covBV_M,host,dist,edist,kmag,ekmag,dsbf,ed,m,em,ml,mu,sample,subtype,quality,caltype
CSP15aae,0.0161833,0.0169733,0.505,0.005,16.366,0.035,13.4,0.0226,0.0023,4.523e-05,,0.455,0.011,0.0,NGC5490,34.267,0.08,9.028,0.023,0.0,0.0,11.14,0.08,11.06,11.22,N/A,N/A,0,s
PTF13ebh,0.01326,0.012484,0.632,0.004,15.243,0.023,-8.3,0.0668,0.0067,-5.58e-06,,0.117,0.009,0.0,NGC0890,33.296,0.081,0.0,0.0,0.0,0.0,10.86,0.05,10.809999999999999,10.91,N/A,N/A,0,s
SN2000cx,0.007929,0.0068909,0.843,0.005,14.143,0.026,-3.4,0.0698,0.007,2.688e-05,Ho,0.053,0.008,0.0,NGC0524,32.212,0.09,0.0,0.0,0.0,0.0,10.929,0.089,10.84,11.018,N/A,N/A,0,s
SN2003hv,0.005601,0.0050833,0.789,0.019,12.999,0.035,6.5,0.0133,0.0013,3e-05,Ho,-0.079,0.061,0.0,NGC1201,31.347,0.074,0.0,0.0,0.0,0.0,10.565,0.06,10.504999999999999,10.625,N/A,N/A,0,s
SN2008R,0.0134933,0.0128867,0.632,0.006,15.516,0.044,4.3,0.0618,0.0062,-4.646e-05,,0.12,0.011,0.0,NGC1200,33.66,0.08,0.0,0.0,0.0,0.0,11.25,0.12,11.13,11.37,N/A,N/A,0,s
SN2008hs,0.017349,0.0166411,0.625,0.006,16.483,0.027,-6.1,0.0497,0.005,1.101e-05,,0.086,0.024,0.0,NGC0910,34.459,0.093,9.357,0.033,77.9,3.3,11.504,0.103,11.401,11.607,N/A,N/A,0,s
SN2008hv,0.01254,0.01358,0.867,0.004,15.548,0.013,-8.1,0.0279,0.0028,7.502e-06,,-0.047,0.011,0.0,NGC2765,33.725,0.083,0.0,0.0,0.0,0.0,10.55,0.18,10.370000000000001,10.73,N/A,N/A,0,s
SN2008ia,0.0219833,0.02254,0.834,0.006,16.356,0.026,2.9,0.1954,0.0195,6.571e-05,,-0.035,0.016,0.0,ESO125-G006,34.896,0.195,0.0,0.0,0.0,0.0,10.77,0.5,10.27,11.27,N/A,N/A,0,s
SN2010Y,0.0109,0.0112644,0.66,0.006,15.42,0.071,-4.2,0.0117,0.0012,8.566e-06,,0.02,0.016,0.0,NGC3392,33.861,0.088,10.862,0.05,59.2,2.4,10.58,0.106,10.474,10.686,N/A,N/A,0,s
